avg,analiticno,cas
3.08,3.2033,6.675997257232666
3.0,3.2033,6.670281648635864
3.09,3.2033,6.696728229522705
3.09,3.2033,6.6737449169158936
3.06,3.2033,6.6653478145599365
3.06,3.2033,6.665839672088623
3.07,3.2033,6.669642448425293
3.1,3.2033,6.685166597366333
3.07,3.2033,6.715539216995239
3.02,3.2033,6.68364691734314
3.06,3.2033,6.680873155593872
3.05,3.2033,6.666812896728516
3.09,3.2033,6.6654112339019775
3.06,3.2033,6.681249380111694
3.07,3.2033,6.6844260692596436
3.06,3.2033,6.677308082580566
3.05,3.2033,6.65851354598999
3.05,3.2033,6.6910388469696045
3.08,3.2033,6.685775279998779
