avg,analiticno,cas
5.544,3.5742,4.856646299362183
5.475,3.5742,4.8104376792907715
5.462,3.5742,4.811983346939087
5.493,3.5742,4.813870191574097
5.505,3.5742,4.813349962234497
5.52,3.5742,4.854526519775391
5.48,3.5742,4.835296154022217
5.517,3.5742,4.848424196243286
5.522,3.5742,4.838501691818237
5.514,3.5742,4.822100400924683
5.567,3.5742,4.80993390083313
5.492,3.5742,4.8294456005096436
5.507,3.5742,4.830699920654297
